A.T. Still University,Kirksville ...,916,
Abilene Christian University,Abilene,503,
Abraham Baldwin Agricultural College,Tifton,1459,
Academy of Art University,San Francisco,521,
Adams State University,Alamosa,997,
Adelphi University,Garden City,465,
Adler Graduate School,Minnetonka,1587,
Adler University,Chicago ...,1276,
Adrian College,Adrian,967,
AdventHealth University,Orlando,1256,
Agnes Scott College,Decatur,531,
Air Force Institute of Technology,Wright-Patterson AFB,1270,
Alabama A&amp;M University,Huntsville,872,
Alabama State University,Montgomery,1032,
Alaska Bible College,Palmer,1681,
Alaska Pacific University,Anchorage,1093,
Albany College of Pharmacy and Health Sciences,Albany,1504,
Albany Law School,Albany,1113,
Albany Medical College,Albany,758,
Albany State University,Albany,1028,
Albertus Magnus College,New Haven,1259,
Albion College,Albion,623,
Albright College,Reading,954,
Alcorn State University,Lorman,1143,
Alderson Broaddus University,Philippi,1401,
Alfred State College,Alfred,1086,
Alfred University,Alfred,626,
Alice Lloyd College,Pippa Passes,1543,
Allegheny College,Meadville,744,
Allen College,Waterloo,1655,
Allen University,Columbia,1649,
Alliance University,New York City,1472,
Alliant International University,San Diego ...,882,
Alma College,Alma,994,
Alvernia University,Reading,990,
Alverno College,Milwaukee,1024,
Amberton University,Garland,1557,
American Baptist College,Nashville,1614,
American Film Institute Conservatory,Los Angeles,1635,
American International College,Springfield,1168,
American Jewish University,Los Angeles ...,1114,
American University,Washington,109,
Amherst College,Amherst,224,
Anderson University,Anderson,1196,
Anderson University, Indiana,Anderson ...,1132,
Andrews University,Berrien Springs,468,
Angelo State University,San Angelo,608,
Anna Maria College,Paxton,1316,
Antioch University,Yellow Springs ...,559,
Antioch University Los Angeles,Culver City,Un,
Antioch University New England,Keene,Un,
Antioch University Santa Barbara,Santa Barbara,Un,
Antioch University Seattle,Seattle,Un,
Appalachian Bible College,Mount Hope,1645,
Appalachian College of Pharmacy,Oakwood,1644,
Appalachian State University,Boone,200,
Aquinas College,Grand Rapids,1040,
Aquinas College, Tennessee,Nashville,1654,
Arcadia University,Glenside,649,
Arizona Christian University,Phoenix,1448,
Arizona State University,Tempe ...,24,
Arkansas Baptist College,Little Rock,1594,
Arkansas State University,Jonesboro,407,
Arkansas Tech University,Russellville,757,
Arlington Baptist University,Arlington,1715,
Art Academy of Cincinnati,Cincinnati,1583,
ArtCenter College of Design,Pasadena,464,
Asbury University,Wilmore,1134,
Ashland University,Ashland,644,
Assumption College,Worcester,494,
Athens State University,Athens,1127,
Atlanta Metropolitan State College,Atlanta,1650,
Auburn University,Auburn,115,
Auburn University at Montgomery,Montgomery,727,
Augsburg University,Minneapolis,590,
Augusta University,Augusta,345,
Augustana College,Rock Island,700,
Augustana University,Sioux Falls,787,
Aurora University,Aurora ...,746,
Austin College,Sherman,873,
Austin Peay State University,Clarksville,576,
Ave Maria University,Ave Maria,1179,
Averett University,Danville ...,1294,
Avila University,Kansas City,1201,
Azusa Pacific University,Azusa,401,
Babson College,Babson Park,292,
Bacone College,Muskogee,1595,
Baker College,Flint ...,836,
Baker University,Baldwin City,1190,
Baldwin Wallace University,Berea,647,
Ball State University,Muncie,241,
Bank Street College of Education,New York City,959,
Baptist Bible College,Springfield,1718,
Baptist Health Sciences University,Memphis,1684,
Baptist University of the Americas,San Antonio,1716,
Barclay College,Haviland,1561,
Bard College,Annandale-on-Hudson,215,
Bard College at Simon's Rock,Great Barrington,1104,
Barnard College,New York City,311,
Barry University,Miami ...,642,
Barton College,Wilson,1404,
Baruch College, CUNY,New York City,762,
Bastyr University,Kenmore,784,
Bates College,Lewiston,376,
Bay Path University,Longmeadow,1135,
Bay State College,Boston ...,1566,
Baylor College of Medicine,Houston,201,
Baylor University,Waco,113,
Beacon College,Leesburg,1487,
Belhaven University,Jackson,1092,
Bellarmine University,Louisville,578,
Bellevue College,Bellevue,805,
Bellevue University,Bellevue ...,721,
Bellin College,Green Bay,1714,
Belmont Abbey College,Belmont,1347,
Belmont University,Nashville,479,
Beloit College,Beloit,475,
Bemidji State University,Bemidji,854,
Benedict College,Columbia,1306,
Benedictine College,Atchison,1075,
Benedictine University,Lisle,702,
Benjamin Franklin Institute of Technology,Boston,1565,
Bennett College,Greensboro,1047,
Bennington College,Bennington,660,
Bentley University,Waltham,379,
Berea College,Berea,481,
Berkeley College,New York City ...,1272,
Berklee College of Music,Boston,216,
Berry College,Mount Berry,730,
Bethany College,Bethany,1530,
Bethany College, Kansas,Lindsborg,1554,
Bethany Lutheran College,Mankato,1548,
Bethel College,North Newton,1048,
Bethel University,Mishawaka,1424,
Bethel University,Saint Paul ...,636,
Bethel University, Tennessee,McKenzie,1564,
Bethesda University,Anaheim,1725,
Bethune-Cookman University,Daytona Beach,783,
Beulah Heights University,Atlanta,1705,
Binghamton University, State University of New York,Vestal,153,
Biola University,La Mirada,322,
Birmingham-Southern College,Birmingham,1050,
Bismarck State College,Bismarck,1250,
Black Hills State University,Spearfish,1070,
Blackburn College,Carlinville,1521,
Blessing-Rieman College of Nursing and Health Sciences,Quincy,1611,
Bloomfield College,Bloomfield,1173,
Bloomsburg University of Pennsylvania,Bloomsburg,616,
Blue Mountain College,Blue Mountain,1619,
Bluefield College,Bluefield,1391,
Bluefield State College,Bluefield,1520,
Bluffton University,Bluffton,591,
Bob Jones University,Greenville,707,
Boise Bible College,Boise ...,1688,
Boise State University,Boise,194,
Boricua College,New York City,1710,
Boston Architectural College,Boston,1012,
Boston College,Chestnut Hill,93,
Boston Graduate School of Psychoanalysis,Brookline ...,1599,
Boston University,Boston ...,39,
Bowdoin College,Brunswick,267,
Bowie State University,Bowie,755,
Bowling Green State University,Bowling Green ...,175,
Bradley University,Peoria,392,
Brandeis University,Waltham,128,
Brazosport College,Lake Jackson,1481,
Brenau University,Gainesville,1077,
Brescia University,Owensboro,1406,
Brevard College,Brevard,1339,
Brewton-Parker College,Mount Vernon,1527,
Briar Cliff University,Sioux City,1373,
Bridgewater College,Bridgewater,867,
Bridgewater State University,Bridgewater,445,
Brigham Young University,Provo,56,
Brigham Young University-Hawaii,Laie,792,
Brigham Young University-Idaho,Rexburg,352,
Brooklyn College,Brooklyn,871,
Brooklyn Law School,Brooklyn,688,
Broward College,Fort Lauderdale,562,
Brown University,Providence,55,
Bryan College,Dayton ...,1240,
Bryan College of Health Sciences,Lincoln,1691,
Bryant University,Smithfield,655,
Bryant and Stratton College,Buffalo ...,1154,
Bryn Athyn College,Bryn Athyn,1666,
Bryn Mawr College,Bryn Mawr,208,
Bucknell University,Lewisburg,233,
Buena Vista University,Storm Lake,957,
Buffalo State College,Buffalo,1342,
Bushnell University,Eugene,1596,
Butler University,Indianapolis,423,
CUNY School of Law,Long Island City,1678,
Cabarrus College of Health Sciences,Concord,Un,
Cabrini University,Radnor,1183,
Cairn University,Langhorne ...,1489,
Caldwell University,Caldwell,1182,
California Baptist University,Riverside ...,789,
California College of the Arts,San Francisco ...,601,
California Institute of Integral Studies,San Francisco,669,
California Institute of Technology,Pasadena,53,
California Institute of the Arts,Valencia,476,
California Lutheran University,Thousand Oaks,662,
California Polytechnic State University, San Luis Obispo,San Luis Obispo,164,
California State Polytechnic University, Pomona,Pomona,238,
California State University Channel Islands,Camarillo,637,
California State University Maritime Academy,Vallejo,1044,
California State University San Marcos,San Marcos ...,371,
California State University, Bakersfield,Bakersfield,643,
California State University, Chico,Chico,197,
California State University, Dominguez Hills,Carson ...,360,
California State University, East Bay,Hayward ...,483,
California State University, Fresno,Fresno,264,
California State University, Fullerton,Fullerton ...,171,
California State University, Long Beach,Long Beach,167,
California State University, Los Angeles,Los Angeles,341,
California State University, Monterey Bay,Seaside,548,
California State University, Northridge,Northridge,125,
California State University, Sacramento,Sacramento,232,
California State University, San Bernardino,San Bernardino ...,269,
California State University, Stanislaus,Turlock ...,388,
California Western School of Law,San Diego,1163,
Calumet College of St. Joseph,Whiting,1541,
Calvary University,Kansas City,1658,
Calvin University,Grand Rapids,212,
Cambridge College,Boston ...,1245,
Cameron University,Lawton ...,963,
Campbell University,Buies Creek,610,
Campbellsville University,Campbellsville,1102,
Canisius College,Buffalo,594,
Capital University,Columbus,690,
Capitol Technology University,Laurel,980,
Cardinal Stritch University,Milwaukee,1101,
Carleton College,Northfield,188,
Carlow University,Pittsburgh,1079,
Carnegie Mellon University,Pittsburgh ...,25,
Carolina University,Winston Salem ...,1624,
Carroll College,Helena,974,
Carroll University,Waukesha ...,918,
Carson-Newman University,Jefferson City,598,
Carthage College,Kenosha,728,
Case Western Reserve University,Cleveland,107,
Castleton University,Castleton,1297,
Catawba College,Salisbury,1191,
Cazenovia College,Cazenovia,1439,
Cedar Crest College,Allentown,1111,
Cedarville University,Cedarville,564,
Centenary College of Louisiana,Shreveport,949,
Centenary University,Hackettstown,1193,
Central Baptist College,Conway,1618,
Central Christian College of Kansas,McPherson,1579,
Central Christian College of the Bible,Moberly ...,1643,
Central College,Pella,910,
Central Connecticut State University,New Britain,368,
Central Methodist University,Fayette,1279,
Central Michigan University,Mount Pleasant,242,
Central Penn College,Summerdale,1601,
Central State University,Wilberforce,1139,
Central Washington University,Ellensburg ...,337,
Centralia College,Centralia,1498,
Centre College,Danville,722,
Chadron State College,Chadron,1103,
Chamberlain University,Addison ...,1015,
Chaminade University of Honolulu,Honolulu,995,
Champlain College,Burlington ...,552,
Chapman University,Orange,231,
Charles R. Drew University of Medicine and Science,Los Angeles,1252,
Charleston Southern University,Charleston,942,
Chatham University,Pittsburgh,684,
Chestnut Hill College,Philadelphia,1321,
Cheyney University of Pennsylvania,Cheyney,1255,
Chicago State University,Chicago,842,
Chipola College,Marianna,1636,
Chowan University,Murfreesboro,1358,
Christian Brothers University,Memphis,857,
Christopher Newport University,Newport News,520,
City University of Seattle,Seattle ...,1125,
Claflin University,Orangeburg,1332,
Claremont Graduate University,Claremont ...,477,
Claremont McKenna College,Claremont,512,
Clark Atlanta University,Atlanta,650,
Clark University,Worcester,220,
Clarke University,Dubuque,1123,
Clarks Summit University,Clarks Summit,1443,
Clarkson College,Omaha,1473,
Clarkson University,Potsdam ...,383,
Clayton State University,Morrow,860,
Clear Creek Baptist Bible College,Pineville,1709,
Cleary University,Howell ...,1427,
Clemson University,Clemson,97,
Cleveland Institute of Art,Cleveland,1119,
Cleveland Institute of Music,Cleveland,1215,
Cleveland State University,Cleveland,271,
Cleveland University-Kansas City,Overland Park,1567,
Coastal Carolina University,Conway ...,508,
Coe College,Cedar Rapids,921,
Coker University,Hartsville,1408,
Colby College,Waterville,259,
Colby-Sawyer College,New London,1232,
Colgate University,Hamilton,330,
College for Creative Studies,Detroit,1022,
College of Biblical Studies,Houston ...,1685,
College of Central Florida,Ocala,1322,
College of Charleston,Charleston,272,
College of Coastal Georgia,Brunswick,1525,
College of Mount Saint Vincent,The Bronx,1353,
College of Our Lady of the Elms,Chicopee,1363,
College of Saint Benedict/Saint John's University,St. Joseph ...,370,
College of Saint Mary,Omaha,1243,
College of Southern Nevada,Las Vegas,935,
College of Staten Island,Staten Island,1471,
College of William &amp; Mary,Williamsburg,138,
College of the Atlantic,Bar Harbor,906,
College of the Holy Cross,Worcester,354,
College of the Ozarks,Point Lookout,1055,
Colorado Christian University,Lakewood,668,
Colorado College,Colorado Springs ...,382,
Colorado Mesa University,Grand Junction,720,
Colorado School of Mines,Golden,302,
Colorado State University,Fort Collins,66,
Colorado State University-Pueblo,Pueblo ...,981,
Colorado Technical University,Colorado Springs ...,736,
Columbia Basin College,Pasco,1351,
Columbia College,Columbia,927,
Columbia College Chicago,Chicago,420,
Columbia College Hollywood,Tarzana,1657,
Columbia College, South Carolina,Columbia,1319,
Columbia International University,Columbia,1239,
Columbia University in the City of New York,New York City,8,
Columbus College of Art and Design,Columbus,1349,
Columbus State University,Columbus,710,
Concord University,Athens,1304,
Concordia College,Moorhead,674,
Concordia University Ann Arbor,Ann Arbor,1449,
Concordia University Chicago,River Forest,1169,
Concordia University Irvine,Irvine,877,
Concordia University Texas,Austin,932,
Concordia University Wisconsin,Mequon,772,
Concordia University, Nebraska,Seward,1100,
Concordia University, St. Paul,Saint Paul,861,
Connecticut College,New London,398,
Converse College,Spartanburg,1230,
Conway School of Landscape Design,Northampton,1673,
Coppin State University,Baltimore,1141,
Corban University,Salem,1417,
Cornell College,Mount Vernon,820,
Cornell University,Ithaca,4,
Cornerstone University,Grand Rapids,1034,
Cornish College of the Arts,Seattle,1174,
Cottey College,Nevada,1544,
Covenant College,Lookout Mountain,1249,
Cox College,Springfield,1675,
Cranbrook Academy of Art,Bloomfield Hills,1371,
Creighton University,Omaha,237,
Criswell College,Dallas,1651,
Crowley's Ridge College,Paragould,1730,
Crown College,St. Bonifacius ...,1284,
Culver-Stockton College,Canton,1409,
Cumberland University,Lebanon,1428,
Curry College,Milton,1160,
Curtis Institute of Music,Philadelphia,893,
D'Youville College,Buffalo,1029,
Daemen College,Amherst,1054,
Dakota State University,Madison ...,667,
Dakota Wesleyan University,Mitchell,1184,
Dallas Baptist University,Dallas,950,
Dallas Christian College,Dallas,1578,
Dalton State College,Dalton,1227,
Dartmouth College,Hanover,69,
Davenport University,Grand Rapids ...,1005,
Davidson College,Davidson,307,
Davis College,Johnson City ...,1707,
Davis and Elkins College,Elkins,1558,
Daytona State College,Daytona Beach,1080,
DePaul University,Chicago,139,
DePauw University,Greencastle,400,
DeSales University,Center Valley,796,
DeVry University,Chicago ...,452,
Dean College,Franklin,1313,
Defiance College,Defiance,1415,
Delaware State University,Dover,539,
Delaware Valley University,Doylestown,1115,
Delta State University,Cleveland,989,
Denison University,Granville,496,
Denver College of Nursing,Denver,1729,
Des Moines University,Des Moines,923,
Dharma Realm Buddhist University,Ukiah,1683,
Dickinson College,Carlisle,282,
Dickinson State University,Dickinson,1445,
Dillard University,New Orleans,886,
Doane University,Crete,1067,
Dominican School of Philosophy &amp; Theology,Berkeley,1677,
Dominican University,Orangeburg,1523,
Dominican University,River Forest,834,
Dominican University of California,San Rafael,692,
Donnelly College,Kansas City,1653,
Dordt University,Sioux Center,1020,
Drake University,Des Moines,416,
Drew University,Madison,450,
Drexel University,Philadelphia,99,
Drury University,Springfield ...,803,
Duke University,Durham,29,
Dunwoody College of Technology,Minneapolis,1515,
Duquesne University,Pittsburgh,280,
ECPI University,Virginia Beach,894,
Earlham College,Richmond,309,
East Carolina University,Greenville,221,
East Central University,Ada,1084,
East Georgia State College,Swainsboro ...,1403,
East Stroudsburg University,East Stroudsburg,846,
East Tennessee State University,Johnson City ...,283,
East Texas Baptist University,Marshall,1384,
East-West University,Chicago,1689,
Eastern Connecticut State University,Willimantic,823,
Eastern Illinois University,Charleston,372,
Eastern Kentucky University,Richmond,303,
Eastern Mennonite University,Harrisonburg ...,793,
Eastern Michigan University,Ypsilanti ...,331,
Eastern Nazarene College,Quincy,1308,
Eastern New Mexico University,Portales,818,
Eastern Oregon University,La Grande,817,
Eastern University,St. Davids,808,
Eastern Virginia Medical School,Norfolk,695,
Eastern Washington University,Cheney,472,
Ecclesia College,Springdale,1724,
Eckerd College,Saint Petersburg ...,756,
Edgewood College,Madison,999,
Edward Waters University,Jacksonville,1053,
Elizabeth City State University,Elizabeth City,1200,
Elizabethtown College,Elizabethtown,622,
Elmhurst University,Elmhurst,586,
Elmira College,Elmira,1107,
Elon University,Elon,278,
Embry-Riddle Aeronautical University,Daytona Beach ...,253,
Emerson College,Boston,377,
Emmanuel College,Boston,1072,
Emmanuel College, Georgia,Franklin Springs,1622,
Emmaus Bible College,Dubuque,1597,
Emory &amp; Henry College,Emory ...,1116,
Emory University,Atlanta,79,
Emporia State University,Emporia,482,
Endicott College,Beverly,926,
Erskine College,Due West,1377,
Eureka College,Eureka ...,1496,
Evangel University,Springfield,1166,
Everglades University,Boca Raton ...,1593,
Fairfield University,Fairfield,456,
Fairleigh Dickinson University,Teaneck ...,385,
Fairmont State University,Fairmont,1303,
Faith Baptist Bible College and Theological Seminary,Ankeny,1560,
Farmingdale State College,Farmingdale,897,
Fashion Institute of Technology,New York City,336,
Faulkner University,Montgomery,1108,
Fayetteville State University,Fayetteville,759,
Felician University,Lodi ...,1175,
Ferris State University,Big Rapids,279,
Ferrum College,Ferrum,1199,
Fielding Graduate University,Santa Barbara,1292,
Finlandia University,Hancock,1390,
Fisher College,Boston ...,1592,
Fisk University,Nashville,731,
Fitchburg State University,Fitchburg,1011,
Five Towns College,Dix Hills,1659,
Flagler College,St. Augustine ...,835,
Florida Agricultural and Mechanical University,Tallahassee,493,
Florida Atlantic University,Boca Raton ...,146,
Florida College,Temple Terrace,1620,
Florida Gateway College,Lake City,1647,
Florida Gulf Coast University,Fort Myers,404,
Florida Institute of Technology,Melbourne,284,
Florida International University,Miami,104,
Florida Memorial University,Miami Gardens,1501,
Florida National University,Hialeah,1457,
Florida SouthWestern State College,Fort Myers,1188,
Florida Southern College,Lakeland,763,
Florida State College at Jacksonville,Jacksonville,866,
Florida State University,Tallahassee ...,72,
Fontbonne University,St. Louis,1285,
Fordham University,The Bronx ...,91,
Fort Hays State University,Hays,523,
Fort Lewis College,Durango,627,
Fort Valley State University,Fort Valley,1131,
Framingham State University,Framingham,941,
Francis Marion University,Florence,938,
Franciscan Missionaries of Our Lady University,Baton Rouge,1640,
Franciscan University of Steubenville,Steubenville,876,
Franklin College,Franklin,1226,
Franklin Pierce University,Rindge ...,1178,
Franklin University,Columbus ...,680,
Franklin W. Olin College of Engineering,Needham,809,
Franklin and Marshall College,Lancaster,438,
Freed-Hardeman University,Henderson,1411,
Fresno Pacific University,Fresno ...,930,
Friends University,Wichita ...,1224,
Frostburg State University,Frostburg ...,510,
Furman University,Greenville,333,
Gallaudet University,Washington,339,
Gannon University,Erie,833,
Gardner-Webb University,Boiling Springs ...,1142,
Geisinger Commonwealth School of Medicine,Scranton,Un,
Geneva College,Beaver Falls,983,
George Fox University,Newberg,609,
George Mason University,Fairfax,64,
George Washington University,Washington ...,65,
Georgetown College,Georgetown,501,
Georgetown University,Washington,46,
Georgia College and State University,Milledgeville ...,589,
Georgia Gwinnett College,Lawrenceville,1208,
Georgia Institute of Technology,Atlanta,47,
Georgia Southern University,Statesboro ...,287,
Georgia Southwestern State University,Americus,1229,
Georgia State University,Atlanta,83,
Georgian Court University,Lakewood,1213,
Gettysburg College,Gettysburg,361,
Glenville State College,Glenville,1562,
God's Bible School and College,Cincinnati,1701,
Goddard College,Plainfield ...,1138,
Golden Gate University,San Francisco ...,605,
Goldey-Beacom College,Wilmington,1497,
Goldfarb School of Nursing at Barnes-Jewish College,St. Louis,1697,
Gonzaga University,Spokane,356,
Good Samaritan College of Nursing and Health Science,Cincinnati,1733,
Goodwin University,East Hartford,1301,
Gordon College,Wenham ...,665,
Gordon State College,Barnesville,1513,
Goshen College,Goshen,653,
Goucher College,Towson,534,
Governors State University,University Park,795,
Grace Christian University,Wyoming,1668,
Grace College,Winona Lake ...,1052,
Graceland University,Lamoni,1109,
Grambling State University,Grambling,903,
Grand Canyon University,Phoenix,262,
Grand Valley State University,Allendale ...,210,
Grand View University,Des Moines,1233,
Granite State College,Concord,1476,
Gratz College,Melrose Park,1633,
Great Basin College,Elko ...,1381,
Great Lakes Christian College,Lansing,1692,
Greensboro College,Greensboro,1542,
Greenville University,Greenville,1094,
Grinnell College,Grinnell,350,
Grove City College,Grove City,778,
Guilford College,Greensboro,908,
Gulf Coast State College,Panama City,1359,
Gustavus Adolphus College,St. Peter,543,
Gwynedd Mercy University,Gwynedd Valley,937,
Hamilton College,Clinton,342,
Hamline University,Saint Paul,495,
Hampden-Sydney College,Hampden-Sydney,890,
Hampshire College,Amherst,433,
Hampton University,Hampton,556,
Hannibal-LaGrange University,Hannibal,1478,
Hanover College,Hanover,327,
Hardin-Simmons University,Abilene,1268,
Harding University,Searcy ...,683,
Harris-Stowe State University,St. Louis,1444,
Harrisburg University of Science and Technology,Harrisburg,1269,
Hartwick College,Oneonta,929,
Harvard University,Cambridge,2,
Harvey Mudd College,Claremont ...,290,
Hastings College,Hastings,1368,
Haverford College,Haverford,355,
Hawaii Pacific University,Honolulu,740,
Hebrew College,Newton Centre,1388,
Heidelberg University,Tiffin,1120,
Helene Fuld College of Nursing,New York City,1735,
Henderson State University,Arkadelphia,1098,
Hendrix College,Conway,718,
Heritage Christian University,Florence,1669,
Heritage University,Toppenish,1379,
Herzing University,Madison,852,
High Point University,High Point,567,
Hilbert College,Hamburg,1433,
Hillsdale College,Hillsdale,358,
Hiram College,Hiram,1043,
Hobart and William Smith Colleges,Geneva,434,
Hodges University,Naples,1392,
Hofstra University,Hempstead,247,
Hollins University,Roanoke,892,
Holy Apostles College and Seminary,Cromwell,1585,
Holy Cross College,Notre Dame,1551,
Holy Family University,Philadelphia,1475,
Holy Names University,Oakland,1257,
Hood College,Frederick,678,
Hope College,Holland,426,
Hope International University,Fullerton,1430,
Houghton College,Houghton ...,1083,
Houston Baptist University,Houston,996,
Howard Payne University,Brownwood,1434,
Howard University,Washington,211,
Hult International Business School,Cambridge ...,558,
Humboldt State University,Arcata,254,
Humphreys University,Stockton,1617,
Hunter College, CUNY,New York City,498,
Huntingdon College,Montgomery,1242,
Huntington University,Huntington ...,1128,
Husson University,Bangor,1003,
Huston-Tillotson University,Austin,1293,
Icahn School of Medicine at Mount Sinai,New York City,486,
Idaho State University,Pocatello ...,270,
Illinois College,Jacksonville,1262,
Illinois College of Optometry,Chicago,1628,
Illinois Institute of Technology,Chicago,169,
Illinois State University,Normal,234,
Illinois Wesleyan University,Bloomington,526,
Immaculata University,Immaculata ...,1203,
Indian River State College,Fort Pierce ...,1393,
Indiana Institute of Technology,Fort Wayne ...,1162,
Indiana State University,Terre Haute,316,
Indiana University - Purdue University Indianapolis,Indianapolis,136,
Indiana University Bloomington,Bloomington,43,
Indiana University East,Richmond,1485,
Indiana University Fort Wayne,Fort Wayne,1740,
Indiana University Kokomo,Kokomo,1563,
Indiana University Northwest,Gary,1019,
Indiana University South Bend,South Bend ...,814,
Indiana University Southeast,New Albany,885,
Indiana University of Pennsylvania,Indiana,380,
Indiana Wesleyan University,Marion,672,
Iona University,New Rochelle,791,
Iowa State University,Ames,58,
Iowa Wesleyan University,Mount Pleasant,1591,
Irell and Manella Graduate School of Biological Sciences,Duarte,Un,
Ithaca College,Ithaca,263,
Jackson State University,Jackson,661,
Jacksonville State University,Jacksonville,645,
Jacksonville University,Jacksonville,753,
James Madison University,Harrisonburg,186,
Jamestown Business College,Jamestown,1706,
Jarvis Christian University,Hawkins,1568,
John Brown University,Siloam Springs,943,
John Carroll University,University Heights,618,
John F. Kennedy University,Pleasant Hill ...,1337,
John Jay College of Criminal Justice,New York City,1066,
John Paul the Great Catholic University,Escondido,1646,
Johns Hopkins University,Baltimore ...,18,
Johnson C. Smith University,Charlotte,1263,
Johnson University,Knoxville ...,1559,
Johnson and Wales University,Providence ...,405,
Judson University,Elgin ...,1425,
Juniata College,Huntingdon,779,
Kalamazoo College,Kalamazoo,631,
Kansas City Art Institute,Kansas City,1282,
Kansas City University,Kansas City,1320,
Kansas State University,Manhattan ...,152,
Kansas Wesleyan University,Salina,1460,
Kean University,Union ...,555,
Keck Graduate Institute,Claremont,914,
Keene State College,Keene,751,
Keiser University,Fort Lauderdale,829,
Kennesaw State University,Kennesaw ...,206,
Kent State University,Kent ...,131,
Kentucky Christian University,Grayson,1634,
Kentucky State University,Frankfort,837,
Kentucky Wesleyan College,Owensboro,1394,
Kenyon College,Gambier,276,
Kettering College,Kettering,1639,
Kettering University,Flint,593,
Keuka College,Keuka Park,1310,
Keystone College,La Plume,1452,
King University,Bristol,1010,
King's College,Wilkes-Barre,799,
Knox College,Galesburg ...,666,
Kutztown University of Pennsylvania,Kutztown,654,
Kuyper College,Grand Rapids,1652,
LIM College,New York City,1506,
La Roche University,Pittsburgh,1458,
La Salle University,Philadelphia,582,
La Sierra University,Riverside,1025,
LaGrange College,LaGrange,1387,
Labouré College,Milton,1699,
Lafayette College,Easton,430,
Laguna College of Art and Design,Laguna Beach,1642,
Lake Erie College,Painesville,1573,
Lake Forest College,Lake Forest,810,
Lake Forest Graduate School of Management,Lake Forest,1704,
Lake Superior State University,Sault Ste. Marie,553,
Lake Washington Institute of Technology,Kirkland,1334,
Lakeland University,Plymouth,1271,
Lakeview College of Nursing,Danville,1719,
Lamar University,Beaumont,323,
Lancaster Bible College,Lancaster,1277,
Lander University,Greenwood,745,
Landmark College,Putney,1362,
Lane College,Jackson,1508,
Langston University,Langston,1258,
Lasell University,Newton,1248,
Lawrence Technological University,Southfield,748,
Lawrence University,Appleton,509,
Le Moyne College,Syracuse,568,
LeMoyne-Owen College,Memphis,1468,
LeTourneau University,Longview,1076,
Lebanon Valley College,Annville,925,
Lee University,Cleveland,934,
Lees-McRae College,Banner Elk,1280,
Lehigh University,Bethlehem,180,
Lehman College, CUNY,The Bronx,455,
Lenoir-Rhyne University,Hickory,1035,
Lesley University,Cambridge ...,561,
Lewis &amp; Clark College,Portland,301,
Lewis University,Romeoville,773,
Lewis-Clark State College,Lewiston ...,920,
Liberty University,Lynchburg,154,
Life Pacific University,San Dimas ...,1602,
Life University,Marietta,1089,
Limestone University,Gaffney,1329,
Lincoln Christian University,Lincoln,1609,
Lincoln College,Lincoln,1519,
Lincoln Memorial University,Harrogate,774,
Lincoln University,Lincoln University,905,
Lincoln University, Missouri,Jefferson City,984,
Lindenwood University,St. Charles,786,
Lindsey Wilson College,Columbia,970,
Linfield University,McMinnville ...,869,
Lipscomb University,Nashville,765,
Livingstone College,Salisbury,1537,
Lock Haven University,Lock Haven ...,381,
Logan University,Chesterfield,1421,
Loma Linda University,Loma Linda,729,
Long Island University,Brooklyn ...,374,
Longwood University,Farmville,607,
Loras College,Dubuque,1105,
Louisiana College,Pineville,1237,
Louisiana State University,Baton Rouge,94,
Louisiana State University Health Sciences Center,New Orleans ...,518,
Louisiana State University Health Sciences Center-Shreveport,Shreveport,1172,
Louisiana State University in Shreveport,Shreveport ...,978,
Louisiana State University of Alexandria,Alexandria,1369,
Louisiana Tech University,Ruston,444,
Lourdes University,Sylvania,1219,
Loyola Marymount University,Los Angeles,249,
Loyola University Chicago,Chicago,149,
Loyola University Maryland,Baltimore,408,
Loyola University New Orleans,New Orleans,399,
Lubbock Christian University,Lubbock,1335,
Luther College,Decorah,673,
Lycoming College,Williamsport,807,
Lynn University,Boca Raton,891,
Lyon College,Batesville,1149,
MCPHS University,Boston ...,976,
MGH Institute of Health Professions,Boston,1350,
Macalester College,Saint Paul,359,
Madonna University,Livonia ...,1311,
Magdalen College of the Liberal Arts,Warner,1676,
Maharishi International University,Fairfield,533,
Maine College of Art,Portland,1060,
Maine Maritime Academy,Castine,1059,
Malone University,Canton,1194,
Manchester University,North Manchester ...,966,
Manhattan Christian College,Manhattan,1606,
Manhattan College,Riverdale,713,
Manhattan School of Music,New York City,1063,
Manhattanville College,Purchase,880,
Mansfield University of Pennsylvania,Mansfield,1090,
Maranatha Baptist University,Watertown,1429,
Maria College,Albany,1680,
Marian University,Indianapolis,895,
Marian University, Wisconsin,Fond du Lac,1432,
Marietta College,Marietta,785,
Marist College,Poughkeepsie,214,
Marquette University,Milwaukee,143,
Mars Hill University,Mars Hill,1386,
Marshall B. Ketchum University,Fullerton ...,1612,
Marshall University,Huntington,281,
Martin Luther College,New Ulm,1483,
Martin University,Indianapolis,1700,
Mary Baldwin University,Staunton,1136,
Maryland Institute College of Art,Baltimore,638,
Maryland University of Integrative Health,Laurel,1512,
Marymount Manhattan College,New York City,1382,
Marymount University,Arlington,813,
Maryville College,Maryville,1383,
Maryville University,St. Louis,332,
Marywood University,Scranton,968,
Massachusetts College of Art and Design,Boston,794,
Massachusetts College of Liberal Arts,North Adams,1124,
Massachusetts Institute of Technology,Cambridge,1,
Massachusetts Maritime Academy,Buzzards Bay,1238,
Massachusetts School of Law,Andover,1623,
Mayo Clinic College of Medicine and Science,Rochester,887,
Mayville State University,Mayville,1454,
McDaniel College,Westminster ...,781,
McKendree University,Lebanon,1049,
McMurry University,Abilene,1189,
McNeese State University,Lake Charles,883,
McPherson College,McPherson,1324,
Medaille University,Buffalo ...,1330,
Medgar Evers College,Brooklyn,1667,
Medical College of Wisconsin,Milwaukee,320,
Medical University of South Carolina,Charleston,252,
Meharry Medical College,Nashville,952,
Menlo College,Atherton ...,1451,
Mercer University,Macon ...,461,
Mercy College,Dobbs Ferry,619,
Mercy College of Health Sciences,Des Moines,1589,
Mercy College of Ohio,Toledo,1615,
Mercyhurst University,Erie,862,
Meredith College,Raleigh,827,
Merrimack College,North Andover,712,
Messiah University,Mechanicsburg,575,
Methodist College,Peoria,1731,
Methodist University,Fayetteville,1177,
Metropolitan College of New York,New York City,1531,
Metropolitan State University,Saint Paul,961,
Metropolitan State University of Denver,Denver,513,
Miami Dade College,Miami,436,
Miami University,Oxford ...,223,
Michigan School of Psychology,Farmington Hills,1690,
Michigan State University,East Lansing,22,
Michigan Technological University,Houghton,141,
Mid-America Christian University,Oklahoma City,1556,
Mid-Atlantic Christian University,Elizabeth City,1702,
MidAmerica Nazarene University,Olathe,1223,
Middle Georgia State University,Macon,1121,
Middle Tennessee School of Anesthesia,Madison,1717,
Middle Tennessee State University,Murfreesboro,165,
Middlebury College,Middlebury,178,
Midland College,Midland,1447,
Midland University,Fremont,1526,
Midway University,Midway,1356,
Midwestern State University,Wichita Falls,699,
Midwestern University,Downers Grove ...,743,
Miles College,Fairfield,1419,
Millersville University of Pennsylvania,Millersville,583,
Milligan University,Elizabethton ...,1290,
Millikin University,Decatur,896,
Millsaps College,Jackson,1071,
Milwaukee Institute of Art and Design,Milwaukee,1360,
Milwaukee School of Engineering,Milwaukee,573,
Minneapolis College of Art and Design,Minneapolis,863,
Minnesota State University Moorhead,Moorhead,633,
Minnesota State University, Mankato,Mankato ...,325,
Minot State University,Minot,1214,
Misericordia University,Dallas,1112,
Mississippi College,Clinton,714,
Mississippi State University,Mississippi State ...,134,
Mississippi University for Women,Columbus,1078,
Mississippi Valley State University,Itta Bena,1231,
Missouri Baptist University,St. Louis,1499,
Missouri Southern State University,Joplin,1157,
Missouri State University,Springfield ...,260,
Missouri University of Science and Technology,Rolla,296,
Missouri Valley College,Marshall,1469,
Missouri Western State University,St. Joseph,993,
Mitchell College,New London,1518,
Mitchell Hamline School of Law,Saint Paul,868,
Molloy University,Rockville Centre,1051,
Monmouth College,Monmouth,1395,
Monmouth University,West Long Branch,274,
Monroe College,The Bronx ...,1152,
Montana State University,Bozeman,150,
Montana State University Billings,Billings,825,
Montana State University-Northern,Havre ...,1345,
Montana Tech,Butte,851,
Montclair State University,Montclair,245,
Montreat College,Montreat ...,1148,
Montserrat College of Art,Beverly,1545,
Moody Bible Institute,Chicago,800,
Moore College of Art and Design,Philadelphia,1275,
Moravian University,Bethlehem,801,
Morehead State University,Morehead ...,901,
Morehouse College,Atlanta,484,
Morehouse School of Medicine,Atlanta,694,
Morgan State University,Baltimore,478,
Morningside College,Sioux City,1212,
Morris College,Sumter,1588,
Morrisville State College,Morrisville,1001,
Mount Aloysius College,Cresson,1426,
Mount Carmel College of Nursing,Columbus,1613,
Mount Holyoke College,South Hadley,222,
Mount Marty University,Yankton,1580,
Mount Mary University,Milwaukee,1281,
Mount Mercy University,Cedar Rapids,1145,
Mount Saint Mary College,Newburgh,1217,
Mount Saint Mary's University,Los Angeles,1397,
Mount St. Joseph University,Cincinnati,986,
Mount St. Mary's University,Emmitsburg ...,1088,
Mount Vernon Nazarene University,Mount Vernon ...,1348,
Muhlenberg College,Allentown,560,
Multnomah University,Portland ...,1389,
Murray State University,Murray ...,554,
Muskingum University,New Concord,790,
Naropa University,Boulder,998,
National American University,Rapid City ...,1267,
National Defense University,Fort Lesley J McNair,457,
National Louis University,Chicago ...,726,
National University,La Jolla,542,
National University of Health Sciences,Lombard ...,1400,
Naval Postgraduate School,Monterey,435,
Nazarene Bible College,Colorado Springs,1626,
Nazareth College,Rochester,874,
Nebraska Methodist College,Omaha,1418,
Nebraska Wesleyan University,Lincoln ...,975,
Neumann University,Aston,1147,
Nevada State College,Henderson,1582,
New College of Florida,Sarasota,830,
New England College,Henniker ...,1006,
New England College of Optometry,Boston,1632,
New England Conservatory,Boston,843,
New England Institute of Technology,East Greenwich,1207,
New England Law | Boston,Boston,1074,
New Hope Christian College,Eugene,1723,
New Jersey City University,Jersey City,724,
New Jersey Institute of Technology,Newark,199,
New Mexico Highlands University,Las Vegas,1073,
New Mexico Institute of Mining and Technology,Socorro,335,
New Mexico State University,Las Cruces,147,
New York Academy of Art,New York City,1494,
New York City College of Technology, CUNY,Brooklyn,1165,
New York College of Podiatric Medicine,New York City,1574,
New York Institute of Technology,Old Westbury ...,485,
New York Law School,New York City,624,
New York Medical College,Valhalla,839,
New York School of Interior Design,New York City,1538,
New York University,New York City ...,19,
NewSchool of Architecture and Design,San Diego,1464,
Newberry College,Newberry,1317,
Newman University,Wichita ...,1361,
Niagara University,Niagara University,734,
Nicholls State University,Thibodaux,944,
Nichols College,Dudley,1039,
Norfolk State University,Norfolk,819,
North Carolina Agricultural and Technical State University,Greensboro,397,
North Carolina Central University,Durham,587,
North Carolina State University,Raleigh,41,
North Carolina Wesleyan University,Rocky Mount ...,1085,
North Central College,Naperville ...,635,
North Central University,Minneapolis,1435,
North Dakota State University,Fargo,229,
North Greenville University,Tigerville,1453,
North Park University,Chicago,732,
Northeast Ohio Medical University,Rootstown,1222,
Northeastern Illinois University,Chicago,584,
Northeastern State University,Tahlequah,841,
Northeastern University,Boston ...,87,
Northern Arizona University,Flagstaff ...,142,
Northern Illinois University,DeKalb,137,
Northern Kentucky University,Highland Heights ...,410,
Northern Michigan University,Marquette,365,
Northern New Mexico College,Espanola ...,1572,
Northern State University,Aberdeen,824,
Northern Vermont University,Johnson ...,1097,
Northland College,Ashland,1164,
Northpoint Bible College,Haverhill,1720,
Northwest Florida State College,Niceville,1465,
Northwest Missouri State University,Maryville ...,691,
Northwest Nazarene University,Nampa,812,
Northwest University,Kirkland ...,1197,
Northwestern College,Orange City,1126,
Northwestern Health Sciences University,Bloomington,1402,
Northwestern Oklahoma State University,Alva ...,1480,
Northwestern State University of Louisiana,Natchitoches,847,
Northwestern University,Evanston ...,36,
Northwood University,Midland ...,1031,
Norwich University,Northfield,536,
Notre Dame College,Cleveland,1354,
Notre Dame de Namur University,Belmont,1441,
Notre Dame of Maryland University,Baltimore,1065,
Nova Southeastern University,Fort Lauderdale ...,185,
Oak Hills Christian College,Bemidji,1693,
Oak Point University,Chicago,1696,
Oakland City University,Oakland City,1549,
Oakland University,Rochester,268,
Oakwood University,Huntsville,1261,
Oberlin College,Oberlin,256,
Occidental College,Los Angeles,403,
Oglethorpe University,Atlanta,982,
Ohio Christian University,Circleville,1507,
Ohio Dominican University,Columbus,1309,
Ohio Northern University,Ada,671,
Ohio University,Athens ...,187,
Ohio University Southern,Ironton,Un,
Ohio University-Chillicothe,Chillicothe,Un,
Ohio Wesleyan University,Delaware ...,571,
Oklahoma Baptist University,Shawnee,1186,
Oklahoma Christian University,Edmond ...,1000,
Oklahoma City University,Oklahoma City,798,
Oklahoma Panhandle State University,Goodwell,1405,
Oklahoma State University,Stillwater ...,114,
Oklahoma Wesleyan University,Bartlesville,1315,
Old Dominion University,Norfolk,189,
Olivet College,Olivet,1414,
Olivet Nazarene University,Bourbonnais,715,
Oral Roberts University,Tulsa,663,
Oregon Health &amp; Science University,Portland ...,170,
Oregon Institute of Technology,Klamath Falls,856,
Oregon State University,Corvallis ...,57,
Otis College of Art and Design,Los Angeles,749,
Ottawa University,Ottawa ...,1033,
Otterbein University,Westerville,962,
Ouachita Baptist University,Arkadelphia,1045,
Our Lady of the Lake University,San Antonio,1096,
Ozark Christian College,Joplin,1517,
Pace University,New York City ...,213,
Pacific Lutheran University,Tacoma,522,
Pacific Oaks College,Pasadena,1603,
Pacific Union College,Angwin,1026,
Pacific University,Forest Grove,439,
Pacifica Graduate Institute,Carpinteria ...,1503,
Paine College,Augusta,1450,
Palm Beach Atlantic University,West Palm Beach ...,979,
Palm Beach State College,Lake Worth,991,
Palo Alto University,Palo Alto,1365,
Pardee RAND Graduate School,Santa Monica,1671,
Park University,Parkville ...,844,
Parker University,Dallas,1500,
Paul Quinn College,Dallas,Un,
Paul Smith's College,Paul Smiths,1058,
Peirce College,Philadelphia,1604,
Penn State College of Medicine,Hershey,1289,
Penn State University,University Park ...,31,
PennWest California,California,1057,
PennWest Clarion,Clarion,845,
PennWest Edinboro,Edinboro,884,
Pennsylvania Academy of the Fine Arts,Philadelphia,693,
Pennsylvania College of Art and Design,Lancaster,1621,
Pennsylvania College of Health Sciences,Lancaster,1694,
Pennsylvania College of Technology,Williamsport,754,
Pensacola State College,Pensacola,1535,
Pepperdine University,Malibu ...,217,
Peru State College,Peru,1352,
Pfeiffer University,Misenheimer,1110,
Philander Smith College,Little Rock,1577,
Piedmont College,Demorest,1314,
Pillar College,Newark ...,1711,
Pine Manor College,Chestnut Hill,1484,
Pittsburg State University,Pittsburg,620,
Pitzer College,Claremont,432,
Plaza College,New York City,1721,
Plymouth State University,Plymouth,473,
Point Loma Nazarene University,San Diego ...,878,
Point Park University,Pittsburgh,888,
Point University,West Point,1665,
Polk State College,Winter Haven,1159,
Pomona College,Claremont,306,
Pontifical Faculty of the Immaculate Conception,Washington,1656,
Portland State University,Portland,117,
Post University,Waterbury,1153,
Prairie View A&amp;M University,Prairie View ...,706,
Pratt Institute,Brooklyn,414,
Presbyterian College,Clinton,1023,
Prescott College,Prescott,1150,
Presentation College,Aberdeen,1625,
Princeton University,Princeton,17,
Principia College,Elsah,1610,
Providence Christian College,Pasadena,1728,
Providence College,Providence,544,
Purchase College, State University of New York,Purchase,639,
Purdue University,West Lafayette,16,
Purdue University Fort Wayne,Fort Wayne,458,
Purdue University Northwest,Hammond,767,
Queens College, City University of New York,New York City,1144,
Queens University of Charlotte,Charlotte,804,
Quincy University,Quincy,1082,
Quinnipiac University,Hamden,156,
Radford University,Radford,346,
Ramapo College of New Jersey,Mahwah,617,
Randolph College,Lynchburg,1236,
Randolph-Macon College,Ashland,969,
Rasmussen College,St. Cloud ...,321,
Reed College,Portland,300,
Regent University,Virginia Beach,469,
Regis College,Weston,777,
Regis University,Denver,612,
Reinhardt University,Waleska,1375,
Relay Graduate School of Education,New York City,1466,
Rensselaer Polytechnic Institute,Troy ...,111,
Research College of Nursing,Kansas City,1734,
Rhode Island College,Providence,524,
Rhode Island School of Design,Providence,347,
Rhodes College,Memphis,537,
Richmont Graduate University,Chattanooga,1736,
Rider University,Lawrenceville ...,393,
Ringling College of Art and Design,Sarasota,848,
Ripon College,Ripon,1004,
Rivier University,Nashua,1254,
Roanoke College,Salem,675,
Robert Morris University,Moon Township ...,864,
Roberts Wesleyan College,Rochester,1069,
Rochester Institute of Technology,Rochester,90,
Rochester University,Rochester Hills,1539,
Rockford University,Rockford ...,1511,
Rockhurst University,Kansas City,907,
Rocky Mountain College,Billings,1205,
Rocky Mountain College of Art and Design,Lakewood,1298,
Rocky Mountain University of Health Professions,Provo,1703,
Rocky Vista University,Parker,1631,
Roger Williams University,Bristol,585,
Rogers State University,Claremore,953,
Rollins College,Winter Park,487,
Roosevelt University,Chicago ...,602,
Rosalind Franklin University of Medicine and Science,North Chicago,1087,
Rose-Hulman Institute of Technology,Terre Haute,449,
Roseman University of Health Sciences,Henderson,1570,
Rosemont College,Rosemont,1210,
Rowan University,Glassboro ...,295,
Rush University,Chicago,1598,
Rust College,Holly Springs,1546,
Rutgers, The State University of New Jersey,New Brunswick ...,30,
SIT Graduate Institute,Brattleboro,750,
SUNY Brockport,Brockport,581,
SUNY Canton,Canton,1265,
SUNY Cobleskill,Cobleskill,1129,
SUNY College at Old Westbury,Old Westbury,1234,
SUNY College at Oneonta,Oneonta,530,
SUNY College of Environmental Science and Forestry,Syracuse,386,
SUNY College of Optometry,New York City,1420,
SUNY Cortland,Cortland,448,
SUNY Delhi,Delhi,1307,
SUNY Downstate Medical Center,Brooklyn,628,
SUNY Empire State College,Saratoga Springs,621,
SUNY Geneseo,Geneseo,422,
SUNY Maritime College,Throggs Neck,1209,
SUNY Polytechnic Institute,Utica,651,
SUNY Upstate Medical University,Syracuse,490,
Sacred Heart University,Fairfield ...,588,
Saginaw Valley State University,University Center,689,
Saint Anselm College,Manchester,570,
Saint Anthony College of Nursing,Rockford,Un,
Saint Augustine College,Chicago,1713,
Saint Augustine's University,Raleigh,1283,
Saint Elizabeth University,Morristown,1440,
Saint Francis Medical Center College of Nursing,Peoria,Un,
Saint Francis University,Loretto,1046,
Saint Joseph's College of Maine,Standish ...,1372,
Saint Joseph's University,Philadelphia,367,
Saint Leo University,Saint Leo ...,648,
Saint Louis University,St. Louis ...,179,
Saint Martin's University,Lacey,1007,
Saint Mary's College,Notre Dame ...,956,
Saint Mary's College of California,Moraga,615,
Saint Mary's University of Minnesota,Winona ...,875,
Saint Mary-of-the-Woods College,Saint Mary of the Woods,1291,
Saint Michael's College,Colchester ...,611,
Saint Peter's University,Jersey City,1117,
Saint Vincent College,Latrobe,964,
Saint Xavier University,Chicago,940,
Salem College,Winston-Salem,1431,
Salem State University,Salem,600,
Salem University,Salem,1629,
Salisbury University,Salisbury,517,
Salus University,Elkins Park ...,1474,
Salve Regina University,Newport ...,769,
Sam Houston State University,Huntsville,291,
Samford University,Birmingham,499,
Samuel Merritt University,Oakland,1170,
San Diego Christian College,Santee,1637,
San Diego State University,San Diego ...,100,
San Francisco Art Institute,San Francisco,931,
San Francisco Conservatory of Music,San Francisco,1061,
San Francisco State University,San Francisco,129,
San Joaquin College of Law,Clovis,1674,
San José State University,San José,120,
Santa Clara University,Santa Clara,148,
Santa Fe College,Gainesville,766,
Sarah Lawrence College,Bronxville,525,
Savannah College of Art and Design,Savannah ...,310,
Savannah State University,Savannah,1091,
Saybrook University,Pasadena,1461,
School of Visual Arts,New York City,402,
School of the Art Institute of Chicago,Chicago,603,
Schreiner University,Kerrville,1514,
Scripps College,Claremont,911,
Seattle Central College,Seattle,960,
Seattle Pacific University,Seattle,460,
Seattle University,Seattle,304,
Seminole State College of Florida,Sanford,859,
Seton Hall University,South Orange,246,
Seton Hill University,Greensburg,569,
Sewanee: The University of the South,Sewanee,497,
Shaw University,Raleigh,1274,
Shawnee State University,Portsmouth,1018,
Shenandoah University,Winchester,853,
Shepherd University,Shepherdstown,972,
Shippensburg University of Pennsylvania,Shippensburg,391,
Shorter University,Rome,1260,
Siena College,Loudonville,443,
Siena Heights University,Adrian,1502,
Sierra Nevada University,Incline Village,1486,
Simmons University,Boston,338,
Simpson College,Indianola,919,
Simpson University,Redding,1584,
Skidmore College,Saratoga Springs,373,
Slippery Rock University of Pennsylvania,Slippery Rock,698,
Smith College,Northampton,204,
Snow College,Ephraim,1151,
Sofia University,Palo Alto,1687,
Soka University of America,Aliso Viejo,1171,
Sonoma State University,Rohnert Park,266,
South Carolina State University,Orangeburg,1081,
South College,Knoxville,1413,
South Dakota School of Mines and Technology,Rapid City,708,
South Dakota State University,Brookings,351,
South Georgia State College,Douglas,1575,
South Texas College,McAllen,1133,
South Texas College of Law,Houston,1009,
South University,Savannah,764,
Southeast Missouri State University,Cape Girardeau,541,
Southeastern Baptist College,Laurel,1739,
Southeastern Louisiana University,Hammond,505,
Southeastern Oklahoma State University,Durant,988,
Southeastern University,Lakeland,936,
Southern Adventist University,Collegedale,822,
Southern Arkansas University,Magnolia,1185,
Southern California Institute of Architecture,Los Angeles,1106,
Southern College of Optometry,Memphis,1590,
Southern Connecticut State University,New Haven,614,
Southern Illinois University Carbondale,Carbondale ...,192,
Southern Illinois University Edwardsville,Edwardsville ...,285,
Southern Methodist University,Dallas,122,
Southern Nazarene University,Bethany ...,965,
Southern New Hampshire University,Manchester,163,
Southern Oregon University,Ashland ...,613,
Southern University Law Center,Baton Rouge,1529,
Southern University and A&amp;M College,Baton Rouge,768,
Southern University at New Orleans,New Orleans,1323,
Southern Utah University,Cedar City,545,
Southern Virginia University,Buena Vista,1479,
Southern Wesleyan University,Central,1305,
Southwest Baptist University,Bolivar ...,1355,
Southwest Minnesota State University,Marshall,838,
Southwestern Adventist University,Keene,1241,
Southwestern Assemblies of God University,Waxahachie,1366,
Southwestern Christian University,Bethany ...,1698,
Southwestern College,Winfield,1037,
Southwestern College, Santa Fe,Santa Fe,1712,
Southwestern Law School,Los Angeles,1008,
Southwestern Oklahoma State University,Weatherford ...,1030,
Southwestern University,Georgetown,632,
Spalding University,Louisville,1167,
Spelman College,Atlanta,557,
Spring Arbor University,Spring Arbor,947,
Spring Hill College,Mobile,881,
Springfield College,Springfield,761,
St Andrews University,Laurinburg,1516,
St John's College,Annapolis ...,898,
St Petersburg College,Clearwater,592,
St. Ambrose University,Davenport,806,
St. Bonaventure University,St. Bonaventure,630,
St. Catherine University,Saint Paul,565,
St. Cloud State University,St. Cloud,437,
St. Edward's University,Austin,604,
St. Francis College,Brooklyn Heights,1192,
St. John Fisher University,Rochester,685,
St. John's University,Queens ...,319,
St. Johns River State College,Palatka,1536,
St. Joseph's University,Brooklyn ...,933,
St. Lawrence University,Canton,563,
St. Louis Christian College,Florissant,1726,
St. Mary's College of Maryland,St. Mary's City,687,
St. Mary's University,San Antonio,629,
St. Norbert College,De Pere,716,
St. Olaf College,Northfield,375,
St. Thomas Aquinas College,Sparkill,1455,
St. Thomas University,Miami Gardens,912,
Stanford University,Stanford ...,3,
State College of Florida-Manatee-Sarasota,Bradenton,1181,
State University of New York College at Plattsburgh,Plattsburgh ...,670,
State University of New York at Fredonia,Fredonia,641,
State University of New York at New Paltz,New Paltz,447,
State University of New York at Oswego,Oswego,362,
Stephen F. Austin State University,Nacogdoches,409,
Stephens College,Columbia,1218,
Sterling College,Sterling,1027,
Sterling College, Vermont,Craftsbury Common,1416,
Stetson University,DeLand,353,
Stevens Institute of Technology,Hoboken,340,
Stevenson University,Stevenson ...,1211,
Stillman College,Tuscaloosa,1477,
Stockton University,Galloway ...,459,
Stonehill College,Easton,816,
Stony Brook University,Stony Brook,123,
Strayer University,Washington ...,429,
Suffolk University,Boston ...,294,
Sul Ross State University,Alpine,1146,
Sullivan University,Louisville ...,1398,
Susquehanna University,Selinsgrove,703,
Swarthmore College,Swarthmore,160,
Sweet Briar College,Sweet Briar,411,
Syracuse University,Syracuse,67,
Tabor College,Hillsboro,1336,
Talladega College,Talladega,1380,
Tarleton State University,Stephenville ...,606,
Taylor University,Upland ...,735,
Temple University,Philadelphia ...,95,
Tennessee State University,Nashville,515,
Tennessee Tech University,Cookeville,431,
Tennessee Wesleyan University,Athens ...,1616,
Texas A&amp;M International University,Laredo,775,
Texas A&amp;M University,College Station,37,
Texas A&amp;M University at Galveston,Galveston,811,
Texas A&amp;M University-Commerce,Commerce,634,
Texas A&amp;M University-Corpus Christi,Corpus Christi,446,
Texas A&amp;M University-Kingsville,Kingsville,717,
Texas A&amp;M University-San Antonio,San Antonio,1482,
Texas A&amp;M University-Texarkana,Texarkana,1346,
Texas Christian University,Fort Worth,273,
Texas College,Tyler,1555,
Texas Lutheran University,Seguin,1333,
Texas Southern University,Houston,652,
Texas State University,San Marcos ...,196,
Texas Tech University,Lubbock,132,
Texas Tech University Health Sciences Center,Lubbock ...,474,
Texas Wesleyan University,Fort Worth,1137,
Texas Woman's University,Denton ...,507,
The American College of Financial Services,Bryn Mawr,922,
The Baptist College of Florida,Graceville ...,1682,
The Catholic University of America,Washington,225,
The Chicago School of Professional Psychology,Los Angeles ...,1244,
The Citadel, The Military College of South Carolina,Charleston,580,
The City College of New York,New York City,797,
The College of Idaho,Caldwell,1235,
The College of New Jersey,Ewing,394,
The College of Saint Rose,Albany,1041,
The College of St. Scholastica,Duluth ...,704,
The College of Westchester,White Plains,1672,
The College of Wooster,Wooster,500,
The Cooper Union for the Advancement of Science and Art,New York City,480,
The Culinary Institute of America,Hyde Park ...,419,
The Evergreen State College,Olympia,334,
The Graduate Center, CUNY,New York City,900,
The Institute of World Politics,Washington,1156,
The Juilliard School,New York City,451,
The King's College,New York City,1399,
The King's University,Southlake,1708,
The Master's University,Santa Clarita,1246,
The New School,New York City,159,
The Ohio State University,Columbus ...,40,
The Rockefeller University,New York City,277,
The Sage Colleges,Troy ...,1014,
The School of Architecture,Cosanti,1627,
The State University of New York at Potsdam,Potsdam,528,
The University of Alabama,Tuscaloosa,108,
The University of Alabama in Huntsville,Huntsville,308,
The University of Arizona,Tucson,32,
The University of Maine,Orono,162,
The University of Memphis,Memphis ...,209,
The University of Montana,Missoula,182,
The University of Montana Western,Dillon,1364,
The University of Oklahoma,Norman ...,103,
The University of Oklahoma Health Sciences Center,Oklahoma City,551,
The University of Tampa,Tampa,599,
The University of Tennessee Health Science Center,Memphis,646,
The University of Tennessee Southern,Pulaski,1607,
The University of Tennessee at Chattanooga,Chattanooga,421,
The University of Tennessee at Martin,Martin ...,112,
The University of Tennessee, Knoxville,Knoxville ...,89,
The University of Texas Health Science Center at Houston,Houston,305,
The University of Texas Health Science Center at San Antonio,San Antonio,289,
The University of Texas Health Science Center at Tyler,Tyler,1396,
The University of Texas MD Anderson Cancer Center,Houston,166,
The University of Texas Medical Branch at Galveston,Galveston,299,
The University of Texas Permian Basin,Odessa,946,
The University of Texas at Arlington,Arlington,174,
The University of Texas at Austin,Austin,12,
The University of Texas at Dallas,Richardson,133,
The University of Texas at El Paso,El Paso,226,
The University of Texas at San Antonio,San Antonio,183,
The University of Texas at Tyler,Tyler ...,664,
The University of Tulsa,Tulsa,343,
The University of Utah,Salt Lake City,42,
The University of Virginia's College at Wise,Wise,1367,
The University of West Alabama,Livingston,924,
The University of West Los Angeles,Inglewood,1722,
The University of the Arts,Philadelphia,701,
The Wright Institute,Berkeley,1695,
Thiel College,Greenville,1488,
Thomas Aquinas College,Santa Paula,1180,
Thomas College,Waterville,1357,
Thomas Edison State University,Trenton,1253,
Thomas Jefferson School of Law,San Diego,1278,
Thomas Jefferson University,Philadelphia,240,
Thomas More College of Liberal Arts,Merrimack,1638,
Thomas More University,Crestview Hills,1266,
Thomas University,Thomasville,1641,
Tiffin University,Tiffin ...,1410,
Toccoa Falls College,Toccoa Falls ...,1436,
Tougaloo College,Tougaloo ...,826,
Touro College,New York City ...,502,
Touro University California,Vallejo,1534,
Towson University,Towson,275,
Transylvania University,Lexington,928,
Trevecca Nazarene University,Nashville,1228,
Tri-State Bible College,South Point ...,1737,
Trine University,Angola,1064,
Trinity Bible College,Ellendale,1686,
Trinity Christian College,Palos Heights,1187,
Trinity College,Hartford,315,
Trinity College of Florida,Trinity,1648,
Trinity College of Nursing &amp; Health Sciences,Rock Island,1727,
Trinity International University,Deerfield ...,1042,
Trinity University,San Antonio,369,
Trinity Washington University,Washington,1013,
Trocaire College,Buffalo,1662,
Troy University,Troy ...,511,
Truett McConnell University,Cleveland,1553,
Truman State University,Kirksville,489,
Tufts University,Medford,45,
Tulane University,New Orleans,118,
Tusculum University,Greeneville,1302,
Tuskegee University,Tuskegee,516,
Uniformed Services University of the Health Sciences,Bethesda,579,
Union College,Schenectady,389,
Union College, Kentucky,Barbourville,1493,
Union College, Nebraska,Lincoln,1492,
Union Institute &amp; University,Cincinnati,1491,
Union University,Jackson,802,
United States Air Force Academy,Colorado Springs,538,
United States Coast Guard Academy,New London,858,
United States Merchant Marine Academy,Kings Point ...,855,
United States Military Academy,West Point,168,
United States Naval Academy,Annapolis,329,
United States Sports Academy,Daphne,1340,
United States University,San Diego,1679,
Unity College,Unity,951,
University at Albany, State University of New York,Albany,130,
University at Buffalo, State University of New York,Buffalo ...,70,
University of Advancing Technology,Tempe,1296,
University of Akron,Akron ...,230,
University of Alabama at Birmingham,Birmingham,119,
University of Alaska Anchorage,Anchorage,1571,
University of Alaska Fairbanks,Fairbanks ...,177,
University of Alaska Southeast,Juneau ...,1540,
University of Arkansas,Fayetteville,121,
University of Arkansas - Fort Smith,Fort Smith,1326,
University of Arkansas at Little Rock,Little Rock,366,
University of Arkansas at Monticello,Monticello,1299,
University of Arkansas at Pine Bluff,Pine Bluff,1300,
University of Arkansas for Medical Sciences,Little Rock,492,
University of Baltimore,Baltimore,326,
University of Bridgeport,Bridgeport ...,723,
University of California, Berkeley,Berkeley ...,5,
University of California, Davis,Davis ...,27,
University of California, Hastings College of the Law,San Francisco,424,
University of California, Irvine,Irvine ...,38,
University of California, Los Angeles,Los Angeles ...,13,
University of California, Merced,Merced ...,297,
University of California, Riverside,Riverside ...,80,
University of California, San Diego,San Diego ...,23,
University of California, San Francisco,San Francisco ...,71,
University of California, Santa Barbara,Santa Barbara ...,48,
University of California, Santa Cruz,Santa Cruz ...,75,
University of Central Arkansas,Conway,442,
University of Central Florida,Orlando ...,86,
University of Central Missouri,Warrensburg,682,
University of Central Oklahoma,Edmond,821,
University of Charleston,Charleston,1328,
University of Chicago,Chicago,15,
University of Cincinnati,Cincinnati,106,
University of Colorado Boulder,Boulder,34,
University of Colorado Colorado Springs,Colorado Springs,324,
University of Colorado Denver,Denver,227,
University of Connecticut,Storrs ...,77,
University of Dallas,Irving,760,
University of Dayton,Dayton,207,
University of Delaware,Newark,82,
University of Denver,Denver,135,
University of Detroit Mercy,Detroit,566,
University of Dubuque,Dubuque,1158,
University of Evansville,Evansville,378,
University of Findlay,Findlay,733,
University of Florida,Gainesville,26,
University of Georgia,Athens,52,
University of Hartford,West Hartford,471,
University of Hawaii at Hilo,Hilo,831,
University of Hawaii at Manoa,Honolulu,413,
University of Hawaii-West Oahu,Kapolei,686,
University of Health Sciences and Pharmacy in St. Louis,St. Louis,1510,
University of Holy Cross,New Orleans,1608,
University of Houston,Houston,78,
University of Houston-Clear Lake,Houston ...,776,
University of Houston-Downtown,Houston,741,
University of Houston-Victoria,Victoria,1130,
University of Idaho,Moscow,151,
University of Illinois at Chicago,Chicago ...,76,
University of Illinois at Springfield,Springfield ...,427,
University of Illinois at Urbana-Champaign,Champaign ...,28,
University of Indianapolis,Indianapolis,577,
University of Iowa,Iowa City ...,59,
University of Jamestown,Jamestown,1216,
University of Kansas,Lawrence ...,85,
University of Kentucky,Lexington,81,
University of La Verne,La Verne ...,840,
University of Louisiana at Lafayette,Lafayette,384,
University of Louisiana at Monroe,Monroe,677,
University of Louisville,Louisville ...,181,
University of Lynchburg,Lynchburg,782,
University of Maine at Augusta,Augusta,1247,
University of Maine at Farmington,Farmington,1670,
University of Maine at Fort Kent,Fort Kent,1533,
University of Maine at Machias,Machias,1221,
University of Maine at Presque Isle,Presque Isle ...,1467,
University of Mary,Bismarck,1016,
University of Mary Hardin-Baylor,Belton,987,
University of Mary Washington,Fredericksburg,462,
University of Maryland,College Park,35,
University of Maryland Eastern Shore,Princess Anne,948,
University of Maryland, Baltimore,Baltimore,191,
University of Maryland, Baltimore County,Baltimore,126,
University of Massachusetts Amherst,Amherst,60,
University of Massachusetts Boston,Boston,202,
University of Massachusetts Dartmouth,North Dartmouth,318,
University of Massachusetts Global,Irvine,832,
University of Massachusetts Lowell,Lowell,228,
University of Massachusetts Medical School,Worcester,257,
University of Miami,Coral Gables ...,96,
University of Michigan,Ann Arbor ...,6,
University of Michigan-Dearborn,Dearborn,415,
University of Michigan-Flint,Flint ...,719,
University of Minnesota-Twin Cities,Minneapolis ...,11,
University of Mississippi,University,172,
University of Mississippi Medical Center,Jackson,550,
University of Missouri,Columbia,84,
University of Missouri-Kansas City,Kansas City,161,
University of Missouri-St. Louis,St. Louis,265,
University of Mobile,Mobile,1385,
University of Montevallo,Montevallo,1118,
University of Mount Olive,Mount Olive ...,1438,
University of Mount Union,Alliance,1198,
University of Nebraska Medical Center,Omaha,348,
University of Nebraska at Kearney,Kearney,625,
University of Nebraska at Omaha,Omaha,258,
University of Nebraska-Lincoln,Lincoln,51,
University of Nevada, Las Vegas,Las Vegas,155,
University of Nevada, Reno,Reno,144,
University of New England,Biddeford ...,504,
University of New Hampshire,Durham ...,102,
University of New Haven,West Haven ...,572,
University of New Mexico,Albuquerque ...,88,
University of New Orleans,New Orleans,425,
University of North Alabama,Florence,705,
University of North Carolina School of the Arts,Winston-Salem,870,
University of North Carolina Wilmington,Wilmington,293,
University of North Carolina at Asheville,Asheville,529,
University of North Carolina at Chapel Hill,Chapel Hill,21,
University of North Carolina at Charlotte,Charlotte,140,
University of North Carolina at Greensboro,Greensboro,198,
University of North Carolina at Pembroke,Pembroke,574,
University of North Dakota,Grand Forks,239,
University of North Florida,Jacksonville,286,
University of North Georgia,Dahlonega,519,
University of North Texas,Denton ...,98,
University of North Texas Health Science Center,Fort Worth,899,
University of Northern Colorado,Greeley,406,
University of Northern Iowa,Cedar Falls,251,
University of Northwestern - St. Paul,Saint Paul ...,889,
University of Northwestern Ohio,Lima,1412,
University of Notre Dame,Notre Dame,73,
University of Oregon,Eugene ...,74,
University of Pennsylvania,Philadelphia,9,
University of Pikeville,Pikeville,1312,
University of Pittsburgh,Pittsburgh ...,44,
University of Portland,Portland,596,
University of Providence,Great Falls,1522,
University of Puget Sound,Tacoma,532,
University of Redlands,Redlands,640,
University of Rhode Island,Kingston ...,145,
University of Richmond,Richmond,184,
University of Rio Grande,Rio Grande,1407,
University of Rochester,Rochester,54,
University of Saint Francis,Fort Wayne ...,1524,
University of Saint Joseph,West Hartford,1288,
University of Saint Mary,Leavenworth ...,1532,
University of San Diego,San Diego,235,
University of San Francisco,San Francisco,205,
University of Science and Arts of Oklahoma,Chickasha,1264,
University of Scranton,Scranton,488,
University of Silicon Valley,San Jose ...,1286,
University of Sioux Falls,Sioux Falls,1122,
University of South Alabama,Mobile,466,
University of South Carolina,Columbia ...,92,
University of South Carolina-Aiken,Aiken,992,
University of South Carolina-Beaufort,Bluffton,1220,
University of South Carolina-Upstate,Spartanburg,977,
University of South Dakota,Vermillion,317,
University of South Florida,Tampa ...,61,
University of Southern California,Los Angeles,20,
University of Southern Indiana,Evansville,549,
University of Southern Maine,Portland ...,656,
University of Southern Mississippi,Hattiesburg,244,
University of St. Augustine for Health Sciences,San Marcos ...,711,
University of St. Francis,Joliet,971,
University of St. Thomas,Houston,985,
University of St. Thomas,Saint Paul ...,298,
University of Texas Rio Grande Valley,Edinburg ...,344,
University of Texas Southwestern Medical Center,Dallas,261,
University of Toledo,Toledo,236,
University of Valley Forge,Phoenixville,1630,
University of Vermont,Burlington,101,
University of Virginia,Charlottesville ...,33,
University of Washington,Seattle ...,7,
University of West Florida,Pensacola ...,418,
University of West Georgia,Carrollton,467,
University of Western States,Portland,1463,
University of Wisconsin-Eau Claire,Eau Claire,314,
University of Wisconsin-Green Bay,Green Bay,364,
University of Wisconsin-La Crosse,La Crosse,390,
University of Wisconsin-Madison,Madison,14,
University of Wisconsin-Milwaukee,Milwaukee,127,
University of Wisconsin-Oshkosh,Oshkosh,428,
University of Wisconsin-Parkside,Kenosha,679,
University of Wisconsin-Platteville,Platteville,657,
University of Wisconsin-River Falls,River Falls,709,
University of Wisconsin-Stevens Point,Stevens Point,312,
University of Wisconsin-Stout,Menomonie,470,
University of Wisconsin-Superior,Superior,955,
University of Wisconsin-Whitewater,Whitewater,454,
University of Wyoming,Laramie,157,
University of the Cumberlands,Williamsburg,1206,
University of the District of Columbia,Washington,739,
University of the Incarnate Word,San Antonio,697,
University of the Ozarks,Clarksville,1446,
University of the Pacific,Stockton ...,363,
University of the Potomac,Washington ...,1422,
University of the Southwest,Hobbs,1569,
University of the West,Rosemead,1552,
Upper Iowa University,Fayette ...,1017,
Ursinus College,Collegeville,737,
Ursuline College,Pepper Pike,1370,
Utah State University,Logan ...,110,
Utah Tech University,St. George,742,
Utah Valley University,Orem ...,440,
Utica University,Utica,780,
Valdosta State University,Valdosta,491,
Valencia College,Orlando,514,
Valley City State University,Valley City,1344,
Valparaiso University,Valparaíso,412,
VanderCook College of Music,Chicago,1663,
Vanderbilt University,Nashville,62,
Vanguard University of Southern California,Costa Mesa ...,1036,
Vassar College,Poughkeepsie,203,
Vaughn College of Aeronautics and Technology,Flushing,1470,
Vermont College of Fine Arts,Montpelier,1576,
Vermont Law School,South Royalton,681,
Vermont Technical College,Randolph,1338,
Villa Maria College,Buffalo,1600,
Villanova University,Villanova,218,
Vincennes University,Vincennes,945,
Virginia Commonwealth University,Richmond,105,
Virginia Military Institute,Lexington,597,
Virginia Polytechnic Institute and State University,Blacksburg,50,
Virginia State University,Petersburg,815,
Virginia Union University,Richmond,1155,
Virginia Wesleyan University,Virginia Beach,1068,
Viterbo University,La Crosse,1056,
Voorhees University,Denmark,1325,
WON Institute of Graduate Studies,Glenside,1738,
Wabash College,Crawfordsville,535,
Wade College,Dallas,1732,
Wagner College,Staten Island,973,
Wake Forest University,Winston-Salem,173,
Waldorf University,Forest City,1423,
Walla Walla University,College Place,1038,
Walsh College,Troy,1378,
Walsh University,North Canton,915,
Warner Pacific College,Portland,1331,
Warner University,Lake Wales,1547,
Warren Wilson College,Swannanoa,904,
Wartburg College,Waverly,909,
Washburn University,Topeka,696,
Washington &amp; Jefferson College,Washington,958,
Washington Adventist University,Takoma Park,1550,
Washington College,Chestertown,658,
Washington State University,Pullman,63,
Washington University in St. Louis,St. Louis,49,
Washington and Lee University,Lexington,288,
Wayland Baptist University,Plainview ...,1176,
Wayne State College,Wayne,939,
Wayne State University,Detroit,124,
Waynesburg University,Waynesburg,1295,
Webb Institute,Glen Cove,1581,
Webber International University,Babson Park,1605,
Weber State University,Ogden ...,349,
Webster University,St. Louis,357,
Welch College,Gallatin,1660,
Wellesley College,Wellesley,219,
Wells College,Aurora,1202,
Wentworth Institute of Technology,Boston,865,
Wesleyan College,Macon ...,1374,
Wesleyan University,Middletown,193,
West Chester University of Pennsylvania,West Chester,396,
West Coast University-Los Angeles,North Hollywood,1095,
West Liberty University,West Liberty,1225,
West Texas A&amp;M University,Canyon ...,441,
West Virginia School of Osteopathic Medicine,Lewisburg,1586,
West Virginia State University,Institute,1062,
West Virginia University,Morgantown ...,116,
West Virginia University at Parkersburg,Parkersburg,1495,
West Virginia Wesleyan College,Buckhannon,1287,
Western Carolina University,Cullowhee ...,387,
Western Colorado University,Gunnison,879,
Western Connecticut State University,Danbury,540,
Western Illinois University,Macomb ...,395,
Western Kentucky University,Bowling Green,243,
Western Michigan University,Kalamazoo,158,
Western Nevada College,Carson City,1462,
Western New England University,Springfield ...,747,
Western New Mexico University,Silver City,1021,
Western Oregon University,Monmouth,547,
Western University of Health Sciences,Pomona,752,
Western Washington University,Bellingham,195,
Westfield State University,Westfield,1664,
Westminster College,Salt Lake City,771,
Westminster College, Missouri,Fulton,1204,
Westminster College, Pennsylvania,New Wilmington,902,
Westmont College,Santa Barbara,770,
Wheaton College,Wheaton,328,
Wheaton College, Massachusetts,Norton,595,
Wheeling University,Wheeling,1161,
Whitman College,Walla Walla,463,
Whittier College,Whittier,788,
Whitworth University,Spokane,917,
Wichita State University,Wichita,255,
Widener University,Chester ...,453,
Wilberforce University,Wilberforce,1456,
Wiley College,Marshall,1376,
Wilkes University,Wilkes-Barre,725,
Willamette University,Salem,313,
William Carey University,Hattiesburg ...,1099,
William James College,Newton,1318,
William Jessup University,Rocklin ...,1341,
William Jewell College,Liberty,1195,
William Marsh Rice University,Houston,68,
William Paterson University,Wayne,527,
William Peace University,Raleigh,1343,
William Penn University,Oskaloosa,1490,
William Woods University,Fulton,1442,
Williams Baptist University,Walnut Ridge,1661,
Williams College,Williamstown,190,
Wilmington College,Wilmington,1437,
Wilmington University,New Castle ...,913,
Wilson College,Chambersburg,1140,
Wingate University,Wingate,1327,
Winona State University,Winona,659,
Winston-Salem State University,Winston-Salem,828,
Winthrop University,Rock Hill,546,
Wisconsin Lutheran College,Milwaukee,1251,
Wisconsin School of Professional Psychology,Milwaukee,1741,
Wittenberg University,Springfield,850,
Wofford College,Spartanburg,676,
Woodbury University,Burbank ...,1273,
Worcester Polytechnic Institute,Worcester,176,
Worcester State University,Worcester,1002,
Wright State University,Dayton ...,250,
Xavier University,Cincinnati,417,
Xavier University of Louisiana,New Orleans,738,
Yale University,New Haven,10,
Yeshiva University,New York City,248,
York College,York,1509,
York College of Pennsylvania,York,849,
York College, City University of New York,Jamaica,1505,
Young Harris College,Young Harris,1528,
Youngstown State University,Youngstown,506,
